{
    "A-1": [
        8.27777777778
    ],
    "A-10": [
        5.43055555556,
        5.43055555556
    ],
    "A-11": [
        5.430555555559999,
        4.21180555556
    ],
    "A-12": [
        5.43055555556,
        5.43055555556
    ],
    "A-13": [
        5.43055555556,
        5.43055555556
    ],
    "A-14": [
        5.43055555556,
        4.04513888889
    ],
    "A-15": [
        5.43055555556,
        4.04513888889
    ],
    "A-16": [
        5.43055555556,
        5.43055555556
    ],
    "A-17": [
        5.43055555556,
        5.43055555556
    ],
    "A-18": [
        5.43055555556,
        4.04513888889
    ],
    "A-19": [
        5.43055555556,
        4.04513888889
    ],
    "A-2": [
        9.49652777778
    ],
    "A-20": [
        4.21180555556,
        4.21180555556
    ],
    "A-21": [
        5.43055555556,
        4.04513888889
    ],
    "A-22": [
        5.43055555556,
        4.21180555556
    ],
    "A-23": [
        5.43055555556,
        5.43055555556
    ],
    "A-24": [
        5.430555555559999,
        4.21180555556
    ],
    "A-26": [
        8.11111111111
    ],
    "A-27": [
        5.43055555556,
        4.04513888889
    ],
    "A-28": [
        5.43055555556,
        5.43055555556
    ],
    "A-29": [
        5.43055555556,
        4.04513888889
    ],
    "A-3": [
        8.27777777778
    ],
    "A-30": [
        5.43055555556,
        5.43055555556
    ],
    "A-31": [
        8.27777777778
    ],
    "A-32": [
        8.27777777778
    ],
    "A-33": [
        8.27777777778
    ],
    "A-34": [
        9.49652777778
    ],
    "A-35": [
        9.49652777778
    ],
    "A-36": [
        8.27777777778
    ],
    "A-37": [
        9.49652777778
    ],
    "A-38": [
        9.49652777778
    ],
    "A-39": [
        8.27777777778
    ],
    "A-4": [
        9.49652777778
    ],
    "A-40": [
        8.27777777778
    ],
    "A-41": [
        8.27777777778
    ],
    "A-42": [
        9.49652777778
    ],
    "A-43": [
        9.49652777778
    ],
    "A-44": [
        9.49652777778
    ],
    "A-45": [
        8.27777777778
    ],
    "A-46": [
        9.49652777778
    ],
    "A-47": [
        8.27777777778
    ],
    "A-48": [
        8.27777777778
    ],
    "A-49": [
        9.49652777778
    ],
    "A-5": [
        4.21180555556,
        4.21180555556
    ],
    "A-50": [
        8.27777777778
    ],
    "A-51": [
        9.49652777778
    ],
    "A-52": [
        8.27777777778
    ],
    "A-53": [
        8.27777777778
    ],
    "A-54": [
        8.27777777778
    ],
    "A-55": [
        4.04513888889
    ],
    "A-56": [
        8.27777777778
    ],
    "A-57": [
        9.49652777778
    ],
    "A-58": [
        9.49652777778
    ],
    "A-59": [
        8.27777777778
    ],
    "A-6": [
        9.49652777778
    ],
    "A-60": [
        4.04513888889
    ],
    "A-61": [
        8.27777777778
    ],
    "A-62": [
        4.04513888889
    ],
    "A-7": [
        8.27777777778
    ],
    "A-8": [
        4.04513888889,
        4.21180555556
    ],
    "A-9": [
        9.49652777778
    ],
    "B-1": [
        9.49652777778
    ],
    "B-10": [
        8.27777777778
    ],
    "B-11": [
        4.21180555556
    ],
    "B-12": [
        9.49652777778
    ],
    "B-13": [
        4.04513888889,
        4.04513888889
    ],
    "B-14": [
        4.21180555556,
        4.21180555556
    ],
    "B-15": [
        9.49652777778
    ],
    "B-16": [
        4.04513888889
    ],
    "B-17": [
        9.49652777778
    ],
    "B-18": [
        8.27777777778
    ],
    "B-19": [
        8.27777777778
    ],
    "B-20": [
        8.27777777778
    ],
    "B-21": [
        8.27777777778
    ],
    "B-22": [
        8.27777777778
    ],
    "B-24": [
        9.49652777778
    ],
    "B-25": [
        8.27777777778
    ],
    "B-26": [
        9.49652777778
    ],
    "B-27": [
        9.49652777778
    ],
    "B-29": [
        4.21180555556,
        4.21180555556
    ],
    "B-3": [
        9.49652777778
    ],
    "B-30": [
        9.49652777778
    ],
    "B-31": [
        4.21180555556,
        4.21180555556
    ],
    "B-32": [
        4.21180555556,
        4.21180555556
    ],
    "B-33": [
        4.21180555556
    ],
    "B-34": [
        4.04513888889
    ],
    "B-35": [
        4.04513888889,
        4.04513888889
    ],
    "B-36": [
        4.04513888889,
        4.04513888889
    ],
    "B-37": [
        4.04513888889,
        4.04513888889
    ],
    "B-38": [
        4.04513888889
    ],
    "B-39": [
        4.04513888889,
        4.04513888889
    ],
    "B-4": [
        4.04513888889,
        4.04513888889
    ],
    "B-40": [
        4.04513888889,
        4.04513888889
    ],
    "B-41": [
        4.04513888889,
        4.04513888889
    ],
    "B-42": [
        4.04513888889,
        4.04513888889
    ],
    "B-43": [
        4.04513888889,
        4.21180555556
    ],
    "B-44": [
        4.21180555556,
        4.21180555556
    ],
    "B-45": [
        4.04513888889,
        4.04513888889
    ],
    "B-46": [
        4.04513888889,
        4.04513888889
    ],
    "B-47": [
        4.04513888889,
        4.04513888889
    ],
    "B-48": [
        4.21180555556,
        4.21180555556
    ],
    "B-49": [
        4.04513888889
    ],
    "B-5": [
        4.04513888889
    ],
    "B-50": [
        4.04513888889,
        4.04513888889
    ],
    "B-51": [
        4.21180555556,
        4.04513888889
    ],
    "B-52": [
        4.04513888889,
        4.04513888889
    ],
    "B-53": [
        4.21180555556
    ],
    "B-54": [
        4.21180555556,
        4.21180555556
    ],
    "B-55": [
        4.04513888889
    ],
    "B-56": [
        4.04513888889
    ],
    "B-57": [
        4.04513888889,
        4.04513888889
    ],
    "B-58": [
        4.04513888889
    ],
    "B-59": [
        4.04513888889,
        4.04513888889
    ],
    "B-6": [
        4.21180555556,
        4.04513888889
    ],
    "B-60": [
        4.04513888889,
        4.21180555556
    ],
    "B-61": [
        8.11111111111
    ],
    "B-62": [
        8.11111111111
    ],
    "B-63": [
        8.11111111111
    ],
    "B-64": [
        8.11111111111
    ],
    "B-8": [
        8.11111111111
    ],
    "B-9": [
        8.11111111111
    ],
    "C-1": [
        8.11111111111
    ],
    "C-10": [
        8.11111111111
    ],
    "C-11": [
        8.11111111111
    ],
    "C-12": [
        8.11111111111
    ],
    "C-13": [
        8.11111111111
    ],
    "C-14": [
        8.11111111111
    ],
    "C-15": [
        8.11111111111
    ],
    "C-16": [
        8.11111111111
    ],
    "C-17": [
        8.11111111111
    ],
    "C-18": [
        8.11111111111
    ],
    "C-19": [
        8.11111111111
    ],
    "C-2": [
        8.11111111111
    ],
    "C-20": [
        8.11111111111
    ],
    "C-22": [
        8.11111111111
    ],
    "C-23": [
        8.11111111111
    ],
    "C-24": [
        8.11111111111
    ],
    "C-25": [
        8.11111111111
    ],
    "C-26": [
        8.11111111111
    ],
    "C-27": [
        8.11111111111
    ],
    "C-28": [
        8.11111111111
    ],
    "C-29": [
        8.11111111111
    ],
    "C-30": [
        8.11111111111
    ],
    "C-31": [
        8.11111111111
    ],
    "C-32": [
        8.11111111111
    ],
    "C-33": [
        8.11111111111
    ],
    "C-35": [
        8.11111111111
    ],
    "C-36": [
        8.11111111111
    ],
    "C-38": [
        8.11111111111
    ],
    "C-4": [
        8.11111111111
    ],
    "C-40": [
        8.11111111111
    ],
    "C-41": [
        8.11111111111
    ],
    "C-43": [
        8.11111111111
    ],
    "C-44": [
        8.11111111111
    ],
    "C-45": [
        8.11111111111
    ],
    "C-46": [
        8.11111111111
    ],
    "C-47": [
        8.11111111111
    ],
    "C-48": [
        8.11111111111
    ],
    "C-5": [
        8.11111111111
    ],
    "C-50": [
        8.11111111111
    ],